,id
0,4567890123456789012
1,62140678888888888883
2,62140678888888888882
3,567890912345067890123
4,01234567890123456768
5,345067890123450678901
6,7890123456789012345
7,62140678888888888889
8,62146788888888868888
9,62140678888888888884
10,067890123450678901234
11,1234567890123456789
12,123456878901234506789
13,6214678888888888880
14,90123456789012345067
15,78901234506789012345
16,23450678901234567890
17,8901234567890123456
18,6214678888888888881
19,062140678888888888885
20,5621406788888888868887
21,6214067888888886888806
